City,Country,Date,Latitude,Longitude,Cloudiness,Humidity,Max Temperature,Wind Speed
Puerto Escondido,MX,2020-03-17 19:51:13,15.85,-97.07,40,74,86.0,9.17
Hermanus,ZA,2020-03-17 19:49:13,-34.42,19.23,2,92,63.0,1.14
Inhambane,MZ,2020-03-17 19:50:20,-23.86,35.38,25,77,74.03,14.16
Ponta do Sol,PT,2020-03-17 19:49:18,32.67,-17.1,40,67,59.0,21.92
Rikitea,PF,2020-03-17 19:49:09,-23.12,-134.97,4,78,80.71,11.9
Bosaso,SO,2020-03-17 19:51:14,11.28,49.18,100,86,78.08,14.56
Kapaa,US,2020-03-17 19:46:15,22.08,-159.32,75,100,73.4,9.17
Adrar,MR,2020-03-17 19:49:24,20.5,-10.07,83,27,67.59,11.16
Yellowknife,CA,2020-03-17 19:49:15,62.46,-114.35,75,64,1.99,5.82
Padang,ID,2020-03-17 19:51:14,-0.95,100.35,51,87,68.97,5.1
Mataura,NZ,2020-03-17 19:44:33,-46.19,168.86,1,74,55.99,7.0
Victoria Point,AU,2020-03-17 19:51:14,-27.58,153.3,20,53,79.0,13.87
Road Town,VG,2020-03-17 19:47:50,18.42,-64.62,40,78,78.8,5.82
Vaini,TO,2020-03-17 19:49:14,-21.2,-175.2,75,94,77.0,3.36
Semnan,IR,2020-03-17 19:51:15,35.57,53.4,63,58,56.59,10.29
Oudtshoorn,ZA,2020-03-17 19:51:15,-33.59,22.2,0,87,60.8,4.7
Province of Mantua,IT,2020-03-17 19:51:15,45.17,10.78,0,75,48.99,4.7
Ushuaia,AR,2020-03-17 19:46:44,-54.8,-68.3,40,41,57.2,16.11
Grand Gaube,MU,2020-03-17 19:51:15,-20.01,57.66,40,88,77.0,6.76
Hilo,US,2020-03-17 19:46:21,19.73,-155.09,90,83,77.0,10.29
Coquimbo,CL,2020-03-17 19:51:15,-29.95,-71.34,20,82,60.8,9.17
Zhuhai,CN,2020-03-17 19:51:15,22.28,113.57,20,73,71.01,10.29
Fortuna,US,2020-03-17 19:49:40,40.6,-124.16,90,87,48.99,11.41
Saint Paul Harbor,US,2020-03-17 19:46:34,57.79,-152.41,1,70,44.6,9.17
Bredasdorp,ZA,2020-03-17 19:49:13,-34.53,20.04,27,77,66.2,6.93
Beira,MZ,2020-03-17 19:51:15,-19.84,34.84,75,78,77.0,11.41
Antofagasta,CL,2020-03-17 19:47:28,-23.65,-70.4,34,82,64.4,9.17
Cherskiy,RU,2020-03-17 19:49:30,68.75,161.3,100,93,2.95,13.78
Saskylakh,RU,2020-03-17 19:49:16,71.92,114.08,17,79,-21.69,10.29
Castlebar,IE,2020-03-17 19:51:16,53.85,-9.3,100,85,43.0,3.0
Pisco,PE,2020-03-17 19:51:16,-13.7,-76.22,90,30,71.6,18.34
Nikolskoye,RU,2020-03-17 19:46:07,59.7,30.79,75,80,39.2,8.95
Jamestown,US,2020-03-17 19:44:21,42.1,-79.24,20,74,41.0,11.41
Paita,PE,2020-03-17 19:51:16,-5.09,-81.11,43,75,79.3,15.21
Borogontsy,RU,2020-03-17 19:51:16,62.67,131.17,99,97,0.1,4.29
Puerto Ayora,EC,2020-03-17 19:49:11,-0.74,-90.35,20,62,84.2,9.17
Berdigestyakh,RU,2020-03-17 19:51:16,62.1,126.7,99,94,-2.45,6.35
Qaanaaq,GL,2020-03-17 19:49:18,77.48,-69.36,98,59,-19.86,6.06
Rudnichnyy,RU,2020-03-17 19:51:16,59.62,52.47,44,95,20.48,6.22
Vernon,CA,2020-03-17 19:51:16,50.26,-119.27,1,29,48.2,5.82
Atuona,PF,2020-03-17 19:49:12,-9.8,-139.03,1,73,82.94,10.04
Burnie,AU,2020-03-17 19:49:31,-41.07,145.92,100,87,64.99,1.99
Salalah,OM,2020-03-17 19:49:30,17.02,54.09,75,73,77.0,5.82
Båtsfjord,NO,2020-03-17 19:51:16,70.63,29.72,75,92,24.8,8.05
Klaksvík,FO,2020-03-17 19:47:47,62.23,-6.59,43,67,33.8,25.28
Torbay,CA,2020-03-17 19:49:29,47.67,-52.73,75,73,28.0,24.16
Kloulklubed,PW,2020-03-17 19:51:17,7.04,134.26,75,74,82.4,5.82
Port Elizabeth,ZA,2020-03-17 19:49:15,-33.92,25.57,0,64,69.8,8.05
Druzhba,UA,2020-03-17 19:51:17,52.04,33.95,0,90,33.44,5.17
Harrismith,ZA,2020-03-17 19:51:17,-28.27,29.13,100,88,54.03,5.93
Omaha,US,2020-03-17 19:47:16,41.26,-95.94,90,65,46.99,11.41
San Joaquin,VE,2020-03-17 19:51:17,10.26,-67.79,36,81,75.4,7.63
Maragogi,BR,2020-03-17 19:49:24,-9.01,-35.22,17,75,83.44,12.64
Thompson,CA,2020-03-17 19:49:13,55.74,-97.86,5,45,5.0,12.75
Hasaki,JP,2020-03-17 19:49:18,35.73,140.83,20,57,52.0,5.82
Hwange,ZW,2020-03-17 19:51:17,-18.37,26.5,88,91,64.54,7.07
Carmo do Rio Claro,BR,2020-03-17 19:51:17,-20.97,-46.12,36,88,68.65,1.95
Carahue,CL,2020-03-17 19:51:17,-38.7,-73.17,0,72,64.4,8.05
Provideniya,RU,2020-03-17 19:48:32,64.38,-173.3,75,92,30.2,22.37
Port-Gentil,GA,2020-03-17 19:49:09,-0.72,8.78,40,83,84.2,10.29
Geraldton,AU,2020-03-17 19:51:17,-28.77,114.6,93,59,64.4,8.05
Punta Arenas,CL,2020-03-17 19:47:08,-53.15,-70.92,75,54,55.4,24.16
Mar del Plata,AR,2020-03-17 19:45:22,-38.0,-57.56,100,88,66.99,3.36
Talnakh,RU,2020-03-17 19:49:23,69.49,88.4,75,92,10.4,26.84
Ribeira Grande,PT,2020-03-17 19:49:11,38.52,-28.7,12,88,58.6,10.07
Kunduz,AF,2020-03-17 19:51:18,36.73,68.86,84,48,56.1,3.4
Ngerengere,TZ,2020-03-17 19:51:18,-6.75,38.12,100,94,73.54,0.81
Qiongshan,CN,2020-03-17 19:51:18,20.01,110.35,75,94,71.6,6.71
Alice Springs,AU,2020-03-17 19:49:22,-23.7,133.88,0,32,80.6,10.29
Cabo San Lucas,MX,2020-03-17 19:45:14,22.89,-109.91,75,64,80.6,8.05
Hamilton,US,2020-03-17 19:49:34,39.18,-84.53,1,65,51.01,3.36
Arraial do Cabo,BR,2020-03-17 19:49:16,-22.97,-42.03,90,100,71.6,6.93
Cape Town,ZA,2020-03-17 19:49:14,-33.93,18.42,8,88,66.99,10.29
Saint George,US,2020-03-17 19:46:47,37.1,-113.58,94,43,59.0,8.05
Shimoda,JP,2020-03-17 19:49:43,34.67,138.95,20,47,59.0,11.41
East London,ZA,2020-03-17 19:47:51,-33.02,27.91,66,82,69.53,11.25
Ahipara,NZ,2020-03-17 19:51:18,-35.17,173.17,0,55,62.74,12.01
Bereda,ES,2020-03-17 19:49:28,43.27,-7.54,69,87,55.0,2.24
Mackay,AU,2020-03-17 19:48:41,-21.15,149.2,31,69,80.01,18.34
Busselton,AU,2020-03-17 19:49:11,-33.65,115.33,35,94,55.0,17.47
Albany,US,2020-03-17 19:45:31,42.6,-73.97,90,89,46.4,10.29
Santarém,BR,2020-03-17 19:51:18,-2.44,-54.71,20,78,82.4,4.7
Esperance,AU,2020-03-17 19:47:54,-33.87,121.9,65,82,59.0,13.87
Khatanga,RU,2020-03-17 19:49:17,71.97,102.5,89,87,-14.66,8.01
Petropavlovsk-Kamchatskiy,RU,2020-03-17 19:49:24,53.05,158.65,100,42,26.6,11.18
New Norfolk,AU,2020-03-17 19:49:11,-42.78,147.06,75,49,69.8,10.29
Saint-Joseph,RE,2020-03-17 19:51:19,-21.37,55.62,75,88,75.2,6.93
Itaituba,BR,2020-03-17 19:51:19,-4.28,-55.98,20,70,87.8,1.97
Butaritari,KI,2020-03-17 19:49:11,3.07,172.79,0,75,83.35,12.68
Upernavik,GL,2020-03-17 19:49:16,72.79,-56.15,30,51,-12.06,6.33
Lata,PT,2020-03-17 19:49:33,40.16,-8.33,0,87,62.01,1.12
Tabuk,PH,2020-03-17 19:51:19,17.42,121.44,75,82,71.04,6.8
Pevek,RU,2020-03-17 19:44:53,69.7,170.31,100,95,25.02,11.72
Port Alfred,ZA,2020-03-17 19:49:20,-33.59,26.89,24,93,66.0,7.99
George Town,MY,2020-03-17 19:45:15,5.41,100.34,20,83,78.8,5.82
Barrow,US,2020-03-17 19:51:19,71.29,-156.79,1,85,10.4,12.75
Eyl,SO,2020-03-17 19:49:29,7.98,49.82,33,75,79.74,15.12
Ostrovnoy,RU,2020-03-17 19:51:19,68.05,39.51,4,96,16.77,13.29
Departamento de Maldonado,UY,2020-03-17 19:51:19,-34.67,-54.92,100,73,70.0,13.87
Havre-St-Pierre,CA,2020-03-17 19:51:19,50.23,-63.6,90,92,26.6,14.99
Bima,ID,2020-03-17 19:51:20,-8.47,118.72,0,89,77.27,2.33
Evensk,RU,2020-03-17 19:47:47,61.95,159.23,98,90,11.73,2.95
Māngrol,IN,2020-03-17 19:51:20,21.12,70.12,0,55,77.67,10.83
Airai,TL,2020-03-17 19:49:11,-8.93,125.41,0,67,72.9,4.52
Yangi Marg`ilon,UZ,2020-03-17 19:49:15,40.43,71.72,72,46,53.6,6.93
Arrondissement de Mont-de-Marsan,FR,2020-03-17 19:51:20,44.0,-0.67,0,93,53.6,2.24
Karratha,AU,2020-03-17 19:51:20,-20.74,116.85,7,58,88.09,11.12
Waconia,US,2020-03-17 19:51:20,44.85,-93.79,90,51,43.0,4.7
Alofi,NU,2020-03-17 19:49:26,-19.06,-169.92,40,70,87.8,13.87
Russell,US,2020-03-17 19:51:20,32.35,-85.2,75,69,75.99,3.36
Avarua,CK,2020-03-17 19:46:10,-21.21,-159.78,100,88,80.6,18.34
Sojat,IN,2020-03-17 19:51:20,25.92,73.67,0,30,68.49,8.75
Panzhihua,CN,2020-03-17 19:49:44,26.59,101.71,0,78,48.61,0.49
Paamiut,GL,2020-03-17 19:49:43,61.99,-49.67,96,53,11.71,13.31
Gaozhou,CN,2020-03-17 19:51:06,21.94,110.85,84,85,69.3,3.51
Leshukonskoye,RU,2020-03-17 19:48:15,64.9,45.76,100,85,27.63,11.07
Portland,US,2020-03-17 19:48:57,45.52,-122.68,75,29,62.01,6.93
Souillac,MU,2020-03-17 19:49:21,-20.52,57.52,40,88,77.0,5.35
Muncie,US,2020-03-17 19:51:21,40.19,-85.39,1,65,50.0,3.36
Castro,BR,2020-03-17 19:49:11,-24.79,-50.01,0,97,65.41,5.91
Bathsheba,BB,2020-03-17 19:49:42,13.22,-59.52,40,69,78.8,10.29
Bluff,NZ,2020-03-17 19:49:23,-46.6,168.33,24,74,55.99,7.0
Clarence Town,AU,2020-03-17 19:49:26,-32.58,151.78,20,68,75.0,11.41
Esim,GH,2020-03-17 19:49:19,4.87,-2.24,100,85,80.2,6.02
Hobart,AU,2020-03-17 19:49:05,-42.88,147.33,75,49,69.8,10.29
Sabha,LY,2020-03-17 19:51:21,27.04,14.43,81,23,70.25,14.92
Kavieng,PG,2020-03-17 19:49:45,-2.57,150.8,100,77,82.78,13.31
Deggendorf,DE,2020-03-17 19:51:21,48.83,12.97,18,86,44.01,1.61
Tuktoyaktuk,CA,2020-03-17 19:49:19,69.45,-133.04,90,84,1.4,3.36
Whitecourt,CA,2020-03-17 19:47:14,54.15,-115.69,75,50,28.4,12.75
Sylva,RU,2020-03-17 19:51:21,58.03,56.76,29,92,24.8,11.18
Nikel,RU,2020-03-17 19:51:21,69.41,30.22,75,92,26.6,17.22
Morón,AR,2020-03-17 19:45:13,-34.65,-58.62,90,100,64.4,5.82
Birjand,IR,2020-03-17 19:51:21,32.87,59.22,67,58,53.6,16.11
São Filipe,CV,2020-03-17 19:49:26,14.9,-24.5,71,77,67.32,16.78
Olafsvik,IS,2020-03-17 19:48:50,64.89,-23.71,100,80,27.7,37.92
Leningradskiy,RU,2020-03-17 19:49:20,69.38,178.42,100,79,29.23,7.43
Toktogul,KG,2020-03-17 19:51:22,41.87,72.94,99,57,31.32,4.94
Meyzieu,FR,2020-03-17 19:51:22,45.77,5.0,0,76,51.8,3.36
Moerai,PF,2020-03-17 19:51:22,-22.43,-151.33,100,85,77.95,29.82
Tiksi,RU,2020-03-17 19:49:30,71.69,128.87,89,88,-30.86,7.9
Paoua,CF,2020-03-17 19:51:22,7.24,16.44,84,21,71.58,3.15
Margate,GB,2020-03-17 19:49:24,51.38,1.39,67,93,48.99,13.87
Beloha,MG,2020-03-17 19:49:18,-25.17,45.05,47,95,66.47,5.79
Norman Wells,CA,2020-03-17 19:49:19,65.28,-126.83,75,92,23.0,4.7
Ilulissat,GL,2020-03-17 19:49:19,69.22,-51.1,96,59,3.2,21.92
Ixmiquilpan,MX,2020-03-17 19:51:22,20.48,-99.23,2,56,68.95,10.29
Srednekolymsk,RU,2020-03-17 19:49:24,67.45,153.68,82,91,-6.99,9.64
Kutum,SD,2020-03-17 19:51:22,14.2,24.67,0,23,58.78,3.89
Marathon,US,2020-03-17 19:51:22,44.9,-89.77,1,47,44.6,8.05
Hangu,CN,2020-03-17 19:51:23,39.25,117.79,0,40,53.6,6.71
Orocué,CO,2020-03-17 19:51:23,4.79,-71.34,77,34,88.75,4.76
Bonnyville,CA,2020-03-17 19:51:23,54.27,-110.73,75,48,19.4,5.82
Berlevåg,NO,2020-03-17 19:49:24,70.86,29.09,75,79,26.6,2.24
Horta,PT,2020-03-17 19:51:23,38.53,-28.63,12,88,58.6,10.07
Pangnirtung,CA,2020-03-17 19:45:59,66.15,-65.71,100,80,4.64,17.13
Cabedelo,BR,2020-03-17 19:49:39,-6.98,-34.83,48,83,80.6,6.93
Sisimiut,GL,2020-03-17 19:51:23,66.94,-53.67,100,76,6.89,18.34
Broome,US,2020-03-17 19:51:23,42.25,-75.83,90,69,43.0,5.82
Chalmette,US,2020-03-17 19:47:55,29.94,-89.96,90,73,78.01,4.7
Alihe,CN,2020-03-17 19:51:23,50.57,123.72,0,78,25.88,5.97
Mahébourg,MU,2020-03-17 19:49:29,-20.41,57.7,40,88,77.0,5.35
Mombetsu,JP,2020-03-17 19:51:23,44.35,143.35,25,79,32.38,4.99
Kununurra,AU,2020-03-17 19:49:11,-15.77,128.73,0,70,86.0,3.36
Port Hardy,CA,2020-03-17 19:49:21,50.7,-127.42,5,66,48.2,8.05
Qui Nhon,VN,2020-03-17 19:48:30,13.77,109.23,95,78,74.05,3.67
Abnūb,EG,2020-03-17 19:51:23,27.27,31.15,0,38,60.8,17.22
Shuangyang,CN,2020-03-17 19:51:24,43.52,125.67,97,40,37.4,11.18
Asău,RO,2020-03-17 19:49:15,46.43,26.4,80,65,45.0,4.7
Muroto-misakicho,JP,2020-03-17 19:49:27,33.28,134.15,0,61,50.0,8.05
Longyearbyen,SJ,2020-03-17 19:49:29,78.22,15.64,20,75,-18.4,6.93
Shorap’ani,GE,2020-03-17 19:51:24,42.09,43.09,75,93,37.4,2.24
Yārāda,IN,2020-03-17 19:51:24,17.65,83.27,40,88,77.0,2.24
Kahului,US,2020-03-17 19:46:04,20.89,-156.47,40,65,82.4,9.17
Te Anau,NZ,2020-03-17 19:51:24,-45.42,167.72,3,56,55.09,3.67
Katsuura,JP,2020-03-17 19:49:21,35.13,140.3,20,50,55.4,8.05
Périgueux,FR,2020-03-17 19:51:24,45.18,0.72,20,87,50.0,3.36
Bambous Virieux,MU,2020-03-17 19:49:37,-20.34,57.76,40,88,77.0,10.16
Araçuaí,BR,2020-03-17 19:51:24,-16.85,-42.07,9,94,70.03,4.52
Tasiilaq,GL,2020-03-17 19:49:10,65.61,-37.64,100,72,10.4,9.66
Gushikawa,JP,2020-03-17 19:51:24,26.35,127.87,90,82,66.2,3.36
Storforshei,NO,2020-03-17 19:51:25,66.4,14.52,100,93,35.01,1.99
Lufilufi,WS,2020-03-17 19:51:25,-13.87,-171.6,68,70,81.32,7.31
Temyasovo,RU,2020-03-17 19:51:25,52.99,58.1,40,85,23.0,4.47
Sørland,NO,2020-03-17 19:51:25,67.67,12.69,100,70,41.36,27.47
Sitka,US,2020-03-17 19:49:16,57.05,-135.33,40,72,44.6,13.87
Chumikan,RU,2020-03-17 19:51:25,54.72,135.31,98,77,27.61,7.36
Arkul',RU,2020-03-17 19:51:25,57.28,50.04,1,91,23.25,4.68
Hambantota,LK,2020-03-17 19:49:26,6.12,81.12,100,80,78.75,10.45
Lagoa,PT,2020-03-17 19:49:32,39.05,-27.98,0,80,62.58,15.95
Marietta,US,2020-03-17 19:47:49,33.95,-84.55,1,64,69.8,2.01
Lyubashivka,UA,2020-03-17 19:51:25,47.84,30.26,68,74,36.66,5.57
Faanui,PF,2020-03-17 19:49:20,-16.48,-151.75,100,70,83.43,6.87
Touros,BR,2020-03-17 19:49:39,-5.2,-35.46,20,83,80.6,6.93
Brejo,BR,2020-03-17 19:51:25,-3.68,-42.75,100,97,74.84,3.0
Brae,GB,2020-03-17 19:51:25,60.4,-1.35,39,93,41.0,17.22
Bonavista,CA,2020-03-17 19:51:25,48.65,-53.11,62,70,27.09,23.42
Bandarbeyla,SO,2020-03-17 19:49:46,9.49,50.81,44,71,78.98,9.71
Savannah,US,2020-03-17 19:47:57,32.08,-81.1,40,73,77.0,8.05
Pochutla,MX,2020-03-17 19:51:26,15.74,-96.47,75,70,86.0,11.41
Belyy Yar,RU,2020-03-17 19:51:26,53.6,91.39,100,86,26.6,2.24
Aksay,RU,2020-03-17 19:51:26,47.26,39.87,0,63,28.4,2.24
Mandsaur,IN,2020-03-17 19:51:26,24.07,75.07,19,31,65.28,7.43
Dillon,US,2020-03-17 19:51:26,34.42,-79.37,90,100,62.6,3.58
Saldus,LV,2020-03-17 19:51:26,56.66,22.49,85,90,39.18,9.75
Derzhavīnsk,KZ,2020-03-17 19:51:26,51.1,66.32,32,94,17.13,11.16
Paciran,ID,2020-03-17 19:51:26,-6.88,112.38,94,88,78.75,3.87
Luau,AO,2020-03-17 19:51:26,-10.71,22.22,100,97,65.8,4.7
Totness,SR,2020-03-17 19:51:26,5.88,-56.32,63,79,80.22,14.99
Saint Paul,US,2020-03-17 19:46:47,44.94,-93.09,40,41,43.0,8.05
Iqaluit,CA,2020-03-17 19:49:25,63.75,-68.51,90,78,15.8,16.11
Manyana,BW,2020-03-17 19:51:26,-23.4,21.72,3,58,68.59,10.51
Poum,NC,2020-03-17 19:49:44,-20.23,164.02,18,75,80.13,15.41
Mirny,RU,2020-03-17 19:51:26,62.54,113.96,40,84,-0.4,6.71
Haines Junction,CA,2020-03-17 19:44:19,60.75,-137.51,45,77,25.48,3.06
Caucaia,BR,2020-03-17 19:51:26,-3.74,-38.65,42,78,82.99,4.7
Livenka,RU,2020-03-17 19:51:27,50.45,38.3,66,65,32.74,4.68
Lebu,CL,2020-03-17 19:49:12,-37.62,-73.65,0,83,57.31,8.19
Hofn,IS,2020-03-17 19:49:22,64.25,-15.21,100,88,37.29,2.01
Lompoc,US,2020-03-17 19:47:23,34.64,-120.46,1,58,57.2,5.82
Matagami,CA,2020-03-17 19:51:24,49.75,-77.63,75,92,17.6,23.04
Neiafu,TO,2020-03-17 19:49:11,-18.65,-173.98,40,79,86.0,11.41
Kholodnyy,RU,2020-03-17 19:49:29,62.72,147.95,86,74,-7.29,5.39
Alyangula,AU,2020-03-17 19:51:27,-13.85,136.42,6,70,86.0,4.7
Hong Kong,HK,2020-03-17 19:45:03,22.29,114.16,20,73,71.01,10.29
Yar-Sale,RU,2020-03-17 19:51:27,66.83,70.83,41,81,9.54,12.71
Makakilo City,US,2020-03-17 19:51:27,21.35,-158.09,90,73,73.4,3.36
Ancud,CL,2020-03-17 19:49:27,-41.87,-73.82,13,76,55.4,6.93
Cidreira,BR,2020-03-17 19:49:10,-30.18,-50.21,96,79,73.58,22.35
Half Moon Bay,US,2020-03-17 19:51:27,37.46,-122.43,90,71,57.2,6.93
Liverpool,GB,2020-03-17 19:51:27,53.41,-2.98,75,87,55.0,18.34
The Valley,AI,2020-03-17 19:51:27,18.22,-63.06,20,69,78.8,6.93
Kiryat Gat,IL,2020-03-17 19:45:04,31.61,34.76,75,87,55.99,10.29
Kamenka,RU,2020-03-17 19:49:39,51.32,42.77,69,59,30.99,5.73
Gambēla,ET,2020-03-17 19:51:28,8.25,34.58,93,50,81.5,1.25
Dzheguta,RU,2020-03-17 19:51:28,43.97,42.04,83,82,24.85,1.25
Socorro,US,2020-03-17 19:51:28,31.65,-106.3,1,45,66.0,13.87
Dingle,PH,2020-03-17 19:49:12,11.0,122.67,22,79,77.63,12.24
Narsaq,GL,2020-03-17 19:49:14,60.92,-46.05,14,46,10.4,6.93
Newnan,US,2020-03-17 19:51:28,33.38,-84.8,1,77,71.01,1.34
Pundaguitan,PH,2020-03-17 19:51:28,6.37,126.17,100,71,80.62,3.56
Kitimat,CA,2020-03-17 19:49:53,54.05,-128.65,20,34,50.0,9.17
Necochea,AR,2020-03-17 19:49:19,-38.55,-58.74,100,88,64.0,1.72
Ukiah,US,2020-03-17 19:51:28,39.15,-123.21,90,81,52.0,3.36
Bethel,US,2020-03-17 19:47:34,41.37,-73.41,40,66,52.0,3.36
Saint-Philippe,RE,2020-03-17 19:49:10,-21.36,55.77,75,88,75.2,6.93
Kunming,CN,2020-03-17 19:47:05,25.04,102.72,20,100,55.0,4.47
Walvis Bay,NA,2020-03-17 19:49:36,-22.96,14.51,0,95,62.01,6.51
Barra Patuca,HN,2020-03-17 19:51:28,15.8,-84.28,0,77,80.2,15.66
Tautira,PF,2020-03-17 19:49:39,-17.73,-149.15,40,70,87.8,6.93
Turan,VN,2020-03-17 19:50:29,16.07,108.22,40,94,75.2,3.36
Chon Daen,TH,2020-03-17 19:51:29,16.19,100.86,30,83,86.0,3.36
Agüimes,ES,2020-03-17 19:51:29,27.91,-15.45,75,72,63.0,17.22
Phan Thiet,VN,2020-03-17 19:49:37,10.93,108.1,0,74,71.42,3.29
Shingū,JP,2020-03-17 19:49:36,33.73,135.98,0,44,57.2,11.41
Aklavik,CA,2020-03-17 19:51:29,68.22,-135.01,75,67,23.0,2.24
Griffith,US,2020-03-17 19:51:29,41.53,-87.42,40,27,48.2,8.05
Kozhevnikovo,RU,2020-03-17 19:51:29,56.26,83.97,77,68,33.01,15.99
Kommunar,RU,2020-03-17 19:51:29,59.62,30.39,75,80,39.2,8.95
Dikson,RU,2020-03-17 19:49:14,73.51,80.55,92,100,-8.59,6.44
Buin,CL,2020-03-17 19:51:29,-33.73,-70.75,0,40,75.2,6.93
Khātra,IN,2020-03-17 19:51:29,22.98,86.85,0,41,72.28,6.13
Ust-Kuyga,RU,2020-03-17 19:51:29,70.02,135.6,60,90,-18.76,1.01
Gimli,CA,2020-03-17 19:50:03,50.63,-96.99,100,60,24.01,5.68
Durant,US,2020-03-17 19:51:30,33.99,-96.37,90,93,61.0,8.05
Martapura,ID,2020-03-17 19:51:30,-3.42,114.85,15,90,76.86,2.24
Talakan,RU,2020-03-17 19:51:30,50.32,130.37,99,94,24.3,3.67
Mount Isa,AU,2020-03-17 19:51:30,-20.73,139.5,0,37,84.2,11.41
Palmer,US,2020-03-17 19:46:48,42.16,-72.33,75,75,48.2,4.7
Severo-Kuril'sk,RU,2020-03-17 19:49:22,50.68,156.12,100,85,21.33,23.49
Jumla,NP,2020-03-17 19:48:40,29.27,82.18,0,51,30.11,5.57
Rabo de Peixe,PT,2020-03-17 19:51:30,37.8,-25.58,20,82,55.4,5.7
Herat Province,AF,2020-03-17 19:51:30,34.5,62.0,100,64,53.82,8.99
Corrales,US,2020-03-17 19:51:30,35.24,-106.61,40,23,66.99,25.28
Tsybli,UA,2020-03-17 19:51:30,49.99,31.56,22,92,26.6,4.47
São João da Barra,BR,2020-03-17 19:49:12,-21.64,-41.05,75,88,75.2,13.87
Visnes,NO,2020-03-17 19:51:30,59.36,5.22,99,81,44.6,17.22
Waidhofen,DE,2020-03-17 19:51:30,48.58,11.33,40,93,48.0,2.24
Chokurdakh,RU,2020-03-17 19:46:08,70.63,147.92,100,92,-7.1,14.79
Lasam,PH,2020-03-17 19:51:30,18.07,121.6,76,82,71.58,4.45
Tuatapere,NZ,2020-03-17 19:49:14,-46.13,167.68,18,74,55.99,7.0
Najrān,SA,2020-03-17 19:49:30,17.49,44.13,8,33,77.0,4.7
Kieta,PG,2020-03-17 19:47:06,-6.22,155.63,38,69,83.98,2.57
Takoradze,GH,2020-03-17 19:49:40,4.88,-1.76,100,85,80.2,6.02
Talā,EG,2020-03-17 19:51:31,30.68,30.94,40,70,46.74,4.72
Hamīrpur,IN,2020-03-17 19:51:31,25.95,80.15,0,35,67.24,5.39
Thunder Bay,CA,2020-03-17 19:49:15,48.4,-89.32,90,77,33.01,11.41
Berbera,SO,2020-03-17 19:51:31,10.44,45.01,48,85,78.82,6.82
Nelson Bay,AU,2020-03-17 19:49:36,-32.72,152.15,20,68,75.0,11.41
Fort Nelson,CA,2020-03-17 19:49:42,58.81,-122.7,75,80,32.0,8.05
Mariehamn,AX,2020-03-17 19:51:31,60.1,19.93,71,81,42.8,11.41
Kuril'sk,RU,2020-03-17 19:51:31,45.23,147.88,19,66,31.32,6.38
Sémbé,CG,2020-03-17 19:51:31,1.65,14.58,83,85,72.05,3.56
Saint-Pierre,RE,2020-03-17 19:47:24,-21.34,55.48,75,88,75.2,6.93
Goroka,PG,2020-03-17 19:51:31,-6.08,145.39,88,67,71.92,1.14
Ozernovskiy,RU,2020-03-17 19:51:31,51.5,156.52,100,65,23.05,17.54
Hithadhoo,MV,2020-03-17 19:49:27,-0.6,73.08,65,76,84.47,12.73
Faya,SA,2020-03-17 19:51:32,18.39,42.45,40,87,62.6,10.29
Moussoro,TD,2020-03-17 19:51:32,13.64,16.49,99,8,76.44,13.98
Namatanai,PG,2020-03-17 19:49:37,-3.67,152.43,100,71,84.06,4.34
Khovd,MN,2020-03-17 19:48:44,48.01,91.64,0,48,25.92,2.17
Acuitzio,MX,2020-03-17 19:51:32,20.34,-101.98,2,30,76.59,7.31
Taoudenni,ML,2020-03-17 19:49:41,22.68,-3.98,92,11,74.73,7.58
Mikhaylovka,RU,2020-03-17 19:51:32,50.06,43.24,0,53,33.6,2.08
Lamin,GM,2020-03-17 19:51:32,13.35,-16.43,0,83,71.6,11.41
Korla,CN,2020-03-17 19:48:07,41.76,86.15,40,53,42.01,1.01
Richards Bay,ZA,2020-03-17 19:48:35,-28.78,32.04,100,70,71.44,21.14
Kurihashi,JP,2020-03-17 19:51:32,36.13,139.7,1,53,54.0,3.36
Aripuanã,BR,2020-03-17 19:51:32,-9.17,-60.63,60,84,77.31,2.19
Canalete,CO,2020-03-17 19:51:32,8.68,-76.2,49,66,84.2,16.11
Saldanha,ZA,2020-03-17 19:49:15,-33.01,17.94,0,82,62.6,6.93
Kjøllefjord,NO,2020-03-17 19:49:41,70.95,27.35,75,79,26.6,2.24
Vila Praia de Âncora,PT,2020-03-17 19:51:32,41.81,-8.85,0,71,60.01,8.05
Sayanogorsk,RU,2020-03-17 19:51:33,53.09,91.4,93,68,34.3,8.97
Laas,IT,2020-03-17 19:51:33,46.62,10.7,15,86,45.0,1.12
Katangli,RU,2020-03-17 19:51:33,51.71,143.23,49,84,26.42,7.63
Amga,RU,2020-03-17 19:51:33,60.9,131.96,96,93,8.55,4.18
Severobaykal'sk,RU,2020-03-17 19:51:33,55.65,109.32,91,74,14.34,3.38
Kaitangata,NZ,2020-03-17 19:49:30,-46.28,169.85,2,72,49.21,5.1
Banda Aceh,ID,2020-03-17 19:49:28,5.56,95.32,67,81,73.47,4.76
Krasnosel'kup,RU,2020-03-17 19:51:33,65.7,82.47,100,93,16.16,13.89
San Jose,US,2020-03-17 19:48:01,37.34,-121.89,75,58,55.99,13.87
Uvarovo,RU,2020-03-17 19:51:33,51.98,42.26,40,68,31.64,6.31
Misratah,LY,2020-03-17 19:51:33,32.38,15.09,60,75,58.6,22.73
Predivinsk,RU,2020-03-17 19:51:33,57.07,93.44,100,78,23.43,10.85
Bjørnevatn,NO,2020-03-17 19:51:33,69.67,29.98,75,92,26.6,17.22
Karīmnagar,IN,2020-03-17 19:51:33,18.43,79.15,1,52,73.63,4.16
Ponta Delgada,PT,2020-03-17 19:51:33,37.73,-25.67,20,82,55.4,3.91
Lüderitz,NA,2020-03-17 19:49:20,-26.65,15.16,0,82,60.8,5.82
Hervey Bay,AU,2020-03-17 19:49:11,-25.3,152.85,27,57,79.0,16.11
Juneau,US,2020-03-17 19:51:34,58.3,-134.42,75,64,42.8,10.29
Colares,PT,2020-03-17 19:49:11,38.8,-9.45,15,50,59.0,11.41
Tura,IN,2020-03-17 19:49:43,25.52,90.22,0,44,64.8,2.66
Tambo,PE,2020-03-17 19:51:34,-14.8,-73.92,100,97,47.37,8.32
Mayo,US,2020-03-17 19:49:51,38.89,-76.51,90,58,62.6,8.05
Muli,MV,2020-03-17 19:51:34,2.92,73.57,75,78,84.4,19.24
Prokop'yevsk,RU,2020-03-17 19:51:34,53.91,86.72,100,97,33.84,16.67
Buta,CD,2020-03-17 19:49:22,2.79,24.73,100,99,69.76,1.16
Palafrugell,ES,2020-03-17 19:51:34,41.92,3.16,28,93,54.0,1.12
Acajutla,SV,2020-03-17 19:49:43,13.59,-89.83,0,78,79.0,3.0
Fairbanks,US,2020-03-17 19:46:56,64.84,-147.72,90,50,37.4,0.92
Vicuña,CL,2020-03-17 19:51:34,-30.03,-70.71,20,82,60.8,9.17
Iwata,JP,2020-03-17 19:51:34,34.7,137.85,20,65,55.0,16.11
Aberdeen,GB,2020-03-17 19:51:34,57.14,-2.1,100,80,42.01,8.05
Buala,SB,2020-03-17 19:49:46,-8.14,159.59,8,72,84.34,4.03
Gamba,GA,2020-03-17 19:51:35,-2.65,10.0,100,87,76.84,1.03
Oodweyne,SO,2020-03-17 19:51:35,9.41,45.06,36,71,67.21,5.73
Verkhoyansk,RU,2020-03-17 19:51:35,67.54,133.38,100,93,-2.15,4.94
Tartagal,AR,2020-03-17 19:48:09,-22.52,-63.8,75,88,77.0,2.13
Zhigansk,RU,2020-03-17 19:49:38,66.77,123.37,0,91,-28.52,11.27
Grindavik,IS,2020-03-17 19:51:35,63.84,-22.43,90,86,32.0,21.92
Rawson,AR,2020-03-17 19:51:35,-43.3,-65.1,0,65,60.44,8.46
Inongo,CD,2020-03-17 19:51:35,-1.95,18.27,95,90,71.78,1.66
Taft,IR,2020-03-17 19:51:35,31.75,54.21,30,31,60.8,4.7
Penzance,GB,2020-03-17 19:51:35,50.12,-5.54,100,93,52.0,16.11
Jining,CN,2020-03-17 19:51:35,35.41,116.58,0,15,60.01,1.01
Vardø,NO,2020-03-17 19:51:35,70.37,31.11,75,92,24.8,8.05
Khromtau,KZ,2020-03-17 19:51:35,50.25,58.43,0,88,18.63,9.01
At-Bashi,KG,2020-03-17 19:51:35,41.17,75.81,79,85,10.53,2.04
Los Angeles,US,2020-03-17 19:47:51,34.05,-118.24,90,50,62.6,11.41
Mkushi,ZM,2020-03-17 19:51:35,-13.62,29.39,85,96,62.87,6.11
Okahandja,NA,2020-03-17 19:51:36,-21.98,16.92,21,82,66.2,3.36
Sangar,RU,2020-03-17 19:51:36,63.92,127.47,100,95,-8.32,8.21
Camacha,PT,2020-03-17 19:49:14,33.08,-16.33,75,72,59.0,20.8
Ormara,PK,2020-03-17 19:51:36,25.21,64.64,0,56,75.06,10.02
Simao,CN,2020-03-17 19:51:36,22.79,100.97,0,49,57.2,1.5
Cairns,AU,2020-03-17 19:51:33,-16.92,145.77,75,74,81.0,13.87
Henties Bay,NA,2020-03-17 19:49:26,-22.12,14.28,0,95,62.01,5.3
Tehachapi,US,2020-03-17 19:49:16,35.13,-118.45,75,86,59.0,8.05
Itarema,BR,2020-03-17 19:51:36,-2.92,-39.92,86,88,76.39,3.8
Marawi,PH,2020-03-17 19:49:12,8.0,124.29,95,82,75.99,7.0
Teeli,RU,2020-03-17 19:51:36,51.03,90.23,100,75,24.78,2.71
Nanortalik,GL,2020-03-17 19:49:15,60.14,-45.24,17,55,19.78,10.92
Atascadero,US,2020-03-17 19:48:07,35.49,-120.67,1,58,55.99,5.82
Severo-Yeniseyskiy,RU,2020-03-17 19:51:13,60.37,93.04,100,76,13.06,6.64
Jizan,SA,2020-03-17 19:51:37,17.33,42.67,39,78,80.6,5.82
Cavalcante,BR,2020-03-17 19:51:37,-13.8,-47.46,94,89,66.42,2.8
Marabá,BR,2020-03-17 19:51:37,-5.37,-49.12,40,88,82.4,2.24
Tocopilla,CL,2020-03-17 19:51:37,-22.09,-70.2,69,79,59.88,2.28
Mana,GF,2020-03-17 19:51:37,5.66,-53.78,100,88,74.28,2.84
Oban,GB,2020-03-17 19:51:37,56.41,-5.47,100,88,42.01,12.64
Nome,US,2020-03-17 19:49:34,64.5,-165.41,90,92,30.99,12.75
Wajid,SO,2020-03-17 19:51:37,3.81,43.25,29,77,73.09,16.55
Acaraú,BR,2020-03-17 19:51:38,-2.89,-40.12,86,88,76.39,3.8
Kavaratti,IN,2020-03-17 19:51:38,10.57,72.64,29,68,82.62,5.66
Vila Velha,BR,2020-03-17 19:49:16,-20.33,-40.29,40,83,80.6,4.7
Vestmannaeyjar,IS,2020-03-17 19:49:23,63.44,-20.27,52,79,33.85,10.38
Beringovskiy,RU,2020-03-17 19:49:43,63.05,179.32,21,84,32.9,13.42
Kilindoni,TZ,2020-03-17 19:49:44,-7.91,39.67,87,82,78.71,7.23
Kítros,GR,2020-03-17 19:51:38,40.38,22.58,0,80,46.99,6.93
Imbituba,BR,2020-03-17 19:47:09,-28.24,-48.67,75,69,73.4,2.24
Falam,MM,2020-03-17 19:51:38,22.92,93.68,0,73,50.52,1.21
Fuerte Olimpo,PY,2020-03-17 19:49:31,-21.04,-57.87,40,55,86.16,5.84
Aykhal,RU,2020-03-17 19:49:10,66.0,111.5,0,68,-16.6,4.47
Marzuq,YE,2020-03-17 19:51:38,14.4,46.47,76,85,64.6,5.61
Xinzhi,CN,2020-03-17 19:51:38,36.5,111.7,0,24,48.9,2.51
Sioux Lookout,CA,2020-03-17 19:49:58,50.1,-91.92,75,32,24.8,10.29
Glendive,US,2020-03-17 19:51:38,47.11,-104.71,75,70,46.0,4.7
Togur,RU,2020-03-17 19:51:38,58.36,82.83,100,83,25.25,16.58
Khao Wong,TH,2020-03-17 19:51:38,16.7,104.09,20,83,78.8,4.7
Katobu,ID,2020-03-17 19:49:30,-4.94,122.53,89,85,79.56,2.8
Vanimo,PG,2020-03-17 19:51:39,-2.67,141.3,59,74,82.31,8.46
Okoneshnikovo,RU,2020-03-17 19:51:39,54.84,75.08,80,90,24.69,16.55
Kwang Binh,VN,2020-03-17 19:51:39,17.48,106.6,90,96,72.32,4.45
Maple Creek,CA,2020-03-17 19:51:39,49.92,-109.48,47,90,24.08,11.9
Kimbe,PG,2020-03-17 19:51:39,-5.55,150.14,98,72,84.09,1.39
Tinogboc,PH,2020-03-17 19:51:39,12.01,121.41,13,82,79.16,23.29
Fatehpur,IN,2020-03-17 19:51:39,25.93,80.8,0,38,65.21,4.03
Boden,SE,2020-03-17 19:51:39,65.83,21.69,95,74,35.6,5.82
Rabaul,PG,2020-03-17 19:51:39,-4.2,152.17,100,74,81.77,4.21
Arrondissement de Muret,FR,2020-03-17 19:51:39,43.33,1.25,36,82,52.0,3.53
Yerbogachën,RU,2020-03-17 19:49:43,61.28,108.01,26,94,-9.63,3.18
Trat,TH,2020-03-17 19:51:39,12.5,102.5,77,82,78.01,1.9
Upata,VE,2020-03-17 19:51:39,8.01,-62.4,90,66,77.54,6.64
Guangyuan,CN,2020-03-17 19:51:40,32.44,105.82,50,66,53.01,2.57
Solrød,DK,2020-03-17 19:51:40,55.54,12.18,99,87,46.4,12.75
Dawei,MM,2020-03-17 19:51:40,14.08,98.2,100,81,78.39,7.67
Xichang,CN,2020-03-17 19:51:40,27.9,102.26,98,90,37.11,1.95
Constitución,CL,2020-03-17 19:51:40,-35.33,-72.42,2,91,55.47,8.03
Daru,PG,2020-03-17 19:49:37,-9.08,143.21,68,67,85.55,5.93
Isiro,CD,2020-03-17 19:51:40,2.77,27.62,92,93,68.25,3.22
Kambove,CD,2020-03-17 19:47:20,-10.88,26.6,100,98,63.07,2.59
Saint-Augustin,CA,2020-03-17 19:51:40,51.23,-58.65,100,85,27.45,21.77
Oistins,BB,2020-03-17 19:51:27,13.07,-59.53,40,69,78.8,10.29
Ruska Poliana,UA,2020-03-17 19:51:40,49.42,31.92,17,75,35.44,7.29
Mackenzie,CA,2020-03-17 19:51:40,55.3,-123.17,75,40,37.4,6.93
Port Blair,IN,2020-03-17 19:48:55,11.67,92.75,100,72,82.33,7.27
Lethem,GY,2020-03-17 19:51:40,3.38,-59.8,31,42,91.11,15.14
Ossora,RU,2020-03-17 19:51:40,59.24,163.07,100,86,18.36,12.44
Trairi,BR,2020-03-17 19:47:09,-3.28,-39.27,64,92,73.9,2.08
De-Kastri,RU,2020-03-17 19:51:40,51.47,140.78,100,74,26.37,1.52
Coyhaique,CL,2020-03-17 19:45:53,-45.58,-72.07,0,58,57.2,5.41
Yermakovskoye,RU,2020-03-17 19:51:41,53.28,92.4,98,82,24.31,9.13
Tunduma,TZ,2020-03-17 19:51:41,-9.3,32.77,100,94,62.82,2.19
Belaya Gora,RU,2020-03-17 19:49:04,68.53,146.42,96,90,-4.13,9.55
San Cristobal,VE,2020-03-17 19:51:22,7.77,-72.22,40,58,84.2,4.7
Lashio,MM,2020-03-17 19:51:41,22.93,97.75,0,59,60.73,2.1
Degtyarsk,RU,2020-03-17 19:51:41,56.7,60.09,75,86,30.2,11.18
Paraty,BR,2020-03-17 19:51:41,-23.22,-44.71,26,85,72.46,4.97
Salym,RU,2020-03-17 19:51:41,60.06,71.48,99,87,24.26,14.25
Clyde River,CA,2020-03-17 19:49:13,70.47,-68.59,90,75,-16.6,11.41
Miles City,US,2020-03-17 19:51:41,46.41,-105.84,1,45,46.4,9.17
Virginia Beach,US,2020-03-17 19:48:51,36.85,-75.98,40,72,66.2,4.7
Voh,NC,2020-03-17 19:51:41,-20.97,164.7,0,76,78.98,16.49
Vila Franca do Campo,PT,2020-03-17 19:49:39,37.72,-25.43,20,82,55.4,3.91
Nizwá,OM,2020-03-17 19:51:41,22.93,57.53,0,49,59.16,1.14
Norrtälje,SE,2020-03-17 19:51:41,59.76,18.7,75,75,45.0,14.99
Bontang,ID,2020-03-17 19:51:41,0.13,117.5,67,80,81.59,15.35
San Patricio,MX,2020-03-17 19:45:51,19.22,-104.7,40,78,82.4,11.41
Antalaha,MG,2020-03-17 19:49:27,-14.9,50.28,0,84,78.37,5.1
Wahpeton,US,2020-03-17 19:47:13,46.27,-96.61,50,69,39.2,8.05
Wolgast,DE,2020-03-17 19:51:42,54.05,13.77,99,76,46.0,1.99
Samarai,PG,2020-03-17 19:49:12,-10.62,150.67,38,74,82.38,5.57
Serenje,ZM,2020-03-17 19:51:42,-13.23,30.24,87,96,63.46,5.12
Porto Murtinho,BR,2020-03-17 19:51:42,-21.7,-57.88,45,54,86.81,6.06
Novaya Ladoga,RU,2020-03-17 19:51:42,60.1,32.3,98,65,37.0,11.59
Oktyabr'skoye,RU,2020-03-17 19:49:21,43.06,44.74,100,87,25.12,2.51
High Rock,BS,2020-03-17 19:51:42,26.62,-78.28,75,69,77.0,4.7
Seydişehir,TR,2020-03-17 19:51:42,37.42,31.85,46,71,22.28,3.67
Akle,PH,2020-03-17 19:51:42,15.05,121.07,75,78,81.0,2.24
Talcahuano,CL,2020-03-17 19:48:35,-36.72,-73.12,0,72,64.4,12.75
Maţāy,EG,2020-03-17 19:51:42,28.42,30.78,0,62,51.91,12.15
Havelock,US,2020-03-17 19:47:08,34.88,-76.9,90,93,59.0,2.15
Nyalikungu,TZ,2020-03-17 19:51:42,-3.18,33.78,100,96,63.09,4.99
Lorengau,PG,2020-03-17 19:49:07,-2.02,147.27,100,76,83.25,7.56
Prince Rupert,CA,2020-03-17 19:45:08,54.32,-130.32,1,49,48.2,10.29
Comodoro Rivadavia,AR,2020-03-17 19:49:20,-45.87,-67.5,0,77,60.8,13.87
Poconé,BR,2020-03-17 19:51:43,-16.26,-56.62,41,83,78.58,3.56
Caravelas,BR,2020-03-17 19:49:16,-17.71,-39.25,0,82,81.1,10.65
Bubaque,GW,2020-03-17 19:51:43,11.28,-15.83,30,72,79.3,21.09
Batticaloa,LK,2020-03-17 19:51:43,7.71,81.69,98,93,73.24,1.23
Pandan,PH,2020-03-17 19:51:43,14.05,124.17,3,77,78.67,12.19
Linxia Chengguanzhen,CN,2020-03-17 19:51:43,35.6,103.21,82,54,35.4,2.24
Coahuayana Viejo,MX,2020-03-17 19:51:43,18.73,-103.68,40,54,80.6,17.22
Khandyga,RU,2020-03-17 19:51:43,62.67,135.6,6,93,0.61,2.1
Tuy Hoa,VN,2020-03-17 19:51:43,13.08,109.3,24,75,77.05,5.06
Mollendo,PE,2020-03-17 19:51:43,-17.02,-72.01,95,89,68.79,5.68
Diffa,NE,2020-03-17 19:51:43,13.32,12.61,94,12,75.85,11.81
Finschhafen,PG,2020-03-17 19:48:47,-6.6,147.87,87,82,81.32,16.46
Gondanglegi,ID,2020-03-17 19:49:25,-7.75,112.01,51,86,77.29,0.65
Bolotnoye,RU,2020-03-17 19:51:43,55.67,84.4,73,81,24.26,20.65
Okhotsk,RU,2020-03-17 19:51:44,59.38,143.3,0,78,6.13,5.17
Avera,US,2020-03-17 19:49:31,33.19,-82.53,1,88,69.8,4.79
Northam,GB,2020-03-17 19:49:25,51.03,-4.22,75,93,52.0,13.87
Baniachang,BD,2020-03-17 19:51:44,24.52,91.37,0,45,63.5,3.67
Chui,UY,2020-03-17 19:49:03,-33.7,-53.46,100,83,67.77,9.93
Karabulak,RU,2020-03-17 19:51:44,43.3,44.9,90,86,33.8,15.66
Keshorai Pātan,IN,2020-03-17 19:51:44,25.3,75.93,0,32,64.85,1.25
Otavi,NA,2020-03-17 19:51:44,-19.65,17.33,14,80,64.35,8.05
Kulhudhuffushi,MV,2020-03-17 19:51:44,6.62,73.07,68,78,83.68,17.9
Ratnagiri,IN,2020-03-17 19:51:44,16.98,73.3,74,40,78.48,0.74
Jacareacanga,BR,2020-03-17 19:51:44,-6.22,-57.75,85,95,76.21,2.95
Bridlington,GB,2020-03-17 19:51:44,54.08,-0.19,100,81,55.4,23.04
Salinas,US,2020-03-17 19:51:44,36.68,-121.66,1,76,55.99,6.93
Rincon,US,2020-03-17 19:49:10,32.3,-81.24,1,69,77.0,4.56
Soubre,CI,2020-03-17 19:51:44,5.79,-6.61,58,94,75.76,3.78
Austin,US,2020-03-17 19:39:11,30.27,-97.74,40,83,77.0,13.87
Várzea da Palma,BR,2020-03-17 19:51:45,-17.6,-44.73,2,85,69.89,4.59
Atar,MR,2020-03-17 19:51:45,20.52,-13.05,96,23,66.67,8.19
Coffs Harbour,AU,2020-03-17 19:51:45,-30.3,153.13,47,73,71.6,10.29
Seddon,AU,2020-03-17 19:51:45,-37.81,144.89,90,43,80.01,19.46
Radviliškis,LT,2020-03-17 19:51:45,55.82,23.53,75,86,39.2,10.29
Pudozh,RU,2020-03-17 19:51:45,61.81,36.53,98,90,32.02,14.65
Boende,CD,2020-03-17 19:51:45,-0.22,20.87,86,98,71.35,3.02
Arkhangelskaya,RU,2020-03-17 19:51:45,45.68,40.28,100,58,34.0,10.47
Rocha,UY,2020-03-17 19:49:19,-34.48,-54.33,100,77,64.78,10.54
Fort Frances,CA,2020-03-17 19:51:45,48.6,-93.4,1,42,30.2,4.7
Port-Cartier,CA,2020-03-17 19:47:46,50.03,-66.87,90,100,27.0,16.11
Merauke,ID,2020-03-17 19:51:45,-8.47,140.33,67,70,84.07,6.17
Tall Kayf,TR,2020-03-17 19:51:45,37.08,41.07,100,93,53.37,16.51
Meulaboh,ID,2020-03-17 19:49:13,4.14,96.13,100,73,79.9,4.76
Mount Gambier,AU,2020-03-17 19:45:36,-37.83,140.77,90,35,73.4,13.87
Umeå,SE,2020-03-17 19:51:46,63.83,20.26,50,86,36.0,2.24
Zaritap,AM,2020-03-17 19:51:46,39.64,45.51,90,71,41.0,4.7
Jalu,LY,2020-03-17 19:49:45,29.03,21.55,0,34,58.15,11.43
Espera Feliz,BR,2020-03-17 19:49:05,-20.65,-41.91,90,97,66.02,2.39
Baruun-Urt,MN,2020-03-17 19:51:46,46.68,113.28,100,78,22.44,11.61
Zitacuaro,MX,2020-03-17 19:51:46,19.44,-100.36,38,59,68.25,5.1
Piterka,RU,2020-03-17 19:51:46,50.68,47.45,0,61,33.06,5.93
Marsá Maţrūḩ,EG,2020-03-17 19:51:46,31.35,27.25,40,58,53.6,11.41
Carnarvon,AU,2020-03-17 19:49:13,-24.87,113.63,100,68,71.6,13.87
Zyryanovsk,KZ,2020-03-17 19:51:46,49.74,84.27,96,60,33.3,4.16
Port Lincoln,AU,2020-03-17 19:49:24,-34.73,135.87,83,27,81.81,7.92
Coruripe,BR,2020-03-17 19:51:46,-10.13,-36.18,87,78,81.75,13.65
Fare,PF,2020-03-17 19:49:00,-16.7,-151.02,95,68,83.82,7.36
Bandar-e Lengeh,IR,2020-03-17 19:51:46,26.56,54.88,0,76,72.59,14.79
Vakhsh,TJ,2020-03-17 19:51:46,37.71,68.83,75,71,57.2,2.24
Halifax,CA,2020-03-17 19:50:01,44.65,-63.57,90,96,34.0,13.87
Belmonte,BR,2020-03-17 19:51:47,-15.86,-38.88,40,78,80.6,9.17
Cayenne,GF,2020-03-17 19:49:18,4.93,-52.33,6,83,78.8,2.24
Pacific Grove,US,2020-03-17 19:51:47,36.62,-121.92,1,76,55.99,6.93
Anantnag,IN,2020-03-17 19:47:35,33.73,75.15,60,81,33.3,5.79
Cockburn Town,TC,2020-03-17 19:49:18,21.46,-71.14,40,64,75.2,11.41
Moree,AU,2020-03-17 19:51:47,-29.47,149.85,0,56,71.6,11.41
Fukuechō,JP,2020-03-17 19:51:47,32.69,128.84,40,93,55.4,1.12
Ondjiva,AO,2020-03-17 19:51:47,-17.07,15.73,100,90,68.2,6.71
Illapel,CL,2020-03-17 19:51:47,-31.63,-71.17,0,71,51.94,1.63
Sobolevo,RU,2020-03-17 19:49:44,54.43,31.9,82,92,33.39,7.83
Vaitape,PF,2020-03-17 19:51:47,-16.52,-151.75,100,70,83.43,6.87
Maniitsoq,GL,2020-03-17 19:51:47,65.42,-52.9,100,77,16.23,22.35
Kruisfontein,ZA,2020-03-17 19:49:38,-34.0,24.73,0,83,62.49,8.39
Banjarmasin,ID,2020-03-17 19:51:41,-3.32,114.59,8,86,78.48,7.54
Goderich,CA,2020-03-17 19:51:47,43.75,-81.72,29,44,39.99,3.0
Santo Augusto,BR,2020-03-17 19:51:48,-27.85,-53.78,80,54,84.2,2.24
Bafra,TR,2020-03-17 19:51:48,41.57,35.91,75,60,39.2,10.29
Alveringem,BE,2020-03-17 19:51:48,50.98,2.68,50,67,44.01,8.05
Jinka,ET,2020-03-17 19:51:48,5.65,36.65,95,75,70.54,3.31
Nagornyy,RU,2020-03-17 19:51:48,52.8,83.55,100,80,33.8,20.13
Xicoténcatl,MX,2020-03-17 19:49:26,23.02,-98.88,51,57,86.0,15.01
Nong Kung Si,TH,2020-03-17 19:51:48,16.65,103.3,83,78,78.8,2.24
Bulawayo,ZW,2020-03-17 19:49:32,-20.15,28.58,96,81,63.39,11.72
Kyshtovka,RU,2020-03-17 19:51:48,56.55,76.63,60,91,24.94,15.9
Moose Factory,CA,2020-03-17 19:51:40,51.26,-80.61,1,47,14.0,12.75
Paraná,AR,2020-03-17 19:51:48,-31.73,-60.52,84,97,71.01,1.01
Suleja,NG,2020-03-17 19:50:55,9.18,7.18,100,55,86.0,4.7
Honiara,SB,2020-03-17 19:48:30,-9.43,159.95,20,74,87.8,6.93
Vanavara,RU,2020-03-17 19:49:32,60.34,102.28,56,93,-1.53,4.07
Yur’yevets,RU,2020-03-17 19:51:48,57.32,43.1,72,97,33.12,9.24
Qasigiannguit,GL,2020-03-17 19:49:17,68.82,-51.19,96,59,3.2,21.92
Port Hedland,AU,2020-03-17 19:49:45,-20.32,118.57,0,74,84.2,3.36
North Bend,US,2020-03-17 19:51:49,43.41,-124.22,90,87,52.0,8.05
Los Llanos de Aridane,ES,2020-03-17 19:49:11,28.66,-17.92,20,77,60.8,13.87
